Period,HS_Code,Import_Value
2014-01-01,04,77115100.0
2014-02-01,04,107389161.0
2014-03-01,04,136648208.0
2014-04-01,04,159130719.0
2014-05-01,04,127602341.0
2014-06-01,04,148197241.0
2014-07-01,04,77491722.0
2014-08-01,04,104288352.0
2014-09-01,04,131981821.0
2014-10-01,04,113795305.0
2014-11-01,04,84121259.0
2014-12-01,04,106461996.0
2015-01-01,04,66196252.0
2015-02-01,04,95365181.0
2015-03-01,04,95238110.0
2015-04-01,04,88797372.0
2015-05-01,04,84483370.0
2015-06-01,04,94572152.0
2015-07-01,04,38972506.0
2015-08-01,04,76282971.0
2015-09-01,04,65779346.0
2015-10-01,04,75840941.0
2015-11-01,04,65230271.0
2015-12-01,04,64948391.0
2016-01-01,04,44477585.0
2016-02-01,04,71420110.0
2016-03-01,04,94168939.0
2016-04-01,04,65810071.0
2016-05-01,04,63940771.0
2016-06-01,04,72693081.0
2016-07-01,04,37949717.0
2016-08-01,04,68447684.0
2016-09-01,04,66198273.0
2016-10-01,04,69266003.0
2016-11-01,04,85448964.0
2016-12-01,04,92581551.0
2014-01-01,07,36315548.0
2014-02-01,07,44806700.0
2014-03-01,07,79745397.0
2014-04-01,07,68273036.0
2014-05-01,07,49758133.0
2014-06-01,07,75582600.0
2014-07-01,07,55219883.0
2014-08-01,07,56310301.0
2014-09-01,07,57551727.0
2014-10-01,07,34958248.0
2014-11-01,07,35609621.0
2014-12-01,07,49891820.0
2015-01-01,07,34548990.0
2015-02-01,07,42956962.0
2015-03-01,07,42915934.0
2015-04-01,07,50223445.0
2015-05-01,07,50829660.0
2015-06-01,07,65873547.0
2015-07-01,07,39079950.0
2015-08-01,07,58741217.0
2015-09-01,07,43770103.0
2015-10-01,07,37304115.0
2015-11-01,07,43396713.0
2015-12-01,07,48440556.0
2016-01-01,07,48508597.0
2016-02-01,07,51048095.0
2016-03-01,07,33923569.0
2016-04-01,07,38427078.0
2016-05-01,07,50168966.0
2016-06-01,07,81308920.0
2016-07-01,07,48155805.0
2016-08-01,07,83230899.0
2016-09-01,07,75782295.0
2016-10-01,07,56719297.0
2016-11-01,07,53314998.0
2016-12-01,07,75290793.0
2014-01-01,10,245975045.0
2014-02-01,10,199099023.0
2014-03-01,10,240568719.0
2014-04-01,10,322268828.0
2014-05-01,10,343902145.0
2014-06-01,10,328618756.0
2014-07-01,10,281613328.0
2014-08-01,10,249421515.0
2014-09-01,10,346726137.0
2014-10-01,10,384883997.0
2014-11-01,10,303742844.0
2014-12-01,10,359068112.0
2015-01-01,10,237951085.0
2015-02-01,10,269530440.0
2015-03-01,10,298819072.0
2015-04-01,10,277658250.0
2015-05-01,10,243920909.0
2015-06-01,10,257681569.0
2015-07-01,10,215162369.0
2015-08-01,10,193089952.0
2015-09-01,10,270290718.0
2015-10-01,10,217822221.0
2015-11-01,10,346172978.0
2015-12-01,10,328020253.0
2016-01-01,10,443577033.0
2016-02-01,10,388875283.0
2016-03-01,10,386647096.0
2016-04-01,10,217163168.0
2016-05-01,10,252630890.0
2016-06-01,10,234282317.0
2016-07-01,10,191060535.0
2016-08-01,10,203355710.0
2016-09-01,10,242409152.0
2016-10-01,10,188611088.0
2016-11-01,10,187959080.0
2016-12-01,10,255253806.0
2014-01-01,12,114328742.0
2014-02-01,12,141975989.0
2014-03-01,12,131160144.0
2014-04-01,12,212186478.0
2014-05-01,12,177431779.0
2014-06-01,12,198513450.0
2014-07-01,12,121308162.0
2014-08-01,12,108482904.0
2014-09-01,12,81852586.0
2014-10-01,12,76359001.0
2014-11-01,12,28784194.0
2014-12-01,12,111580903.0
2015-01-01,12,111217165.0
2015-02-01,12,123912313.0
2015-03-01,12,132352843.0
2015-04-01,12,154838330.0
2015-05-01,12,129293281.0
2015-06-01,12,115372646.0
2015-07-01,12,52430383.0
2015-08-01,12,87729728.0
2015-09-01,12,98482817.0
2015-10-01,12,71148364.0
2015-11-01,12,89153548.0
2015-12-01,12,125651487.0
2016-01-01,12,81525432.0
2016-02-01,12,77035908.0
2016-03-01,12,141882881.0
2016-04-01,12,95085133.0
2016-05-01,12,138191057.0
2016-06-01,12,130112541.0
2016-07-01,12,63315114.0
2016-08-01,12,131917429.0
2016-09-01,12,55357983.0
2016-10-01,12,100890011.0
2016-11-01,12,80058437.0
2016-12-01,12,107551077.0
2014-01-01,17,121427299.0
2014-02-01,17,155333717.0
2014-03-01,17,185837700.0
2014-04-01,17,142707936.0
2014-05-01,17,148449383.0
2014-06-01,17,212839237.0
2014-07-01,17,107475146.0
2014-08-01,17,126071812.0
2014-09-01,17,144988796.0
2014-10-01,17,82979345.0
2014-11-01,17,83716002.0
2014-12-01,17,55712625.0
2015-01-01,17,195330844.0
2015-02-01,17,117778824.0
2015-03-01,17,95526819.0
2015-04-01,17,102725686.0
2015-05-01,17,144654421.0
2015-06-01,17,135722903.0
2015-07-01,17,67555200.0
2015-08-01,17,109954390.0
2015-09-01,17,129017741.0
2015-10-01,17,117641938.0
2015-11-01,17,145831393.0
2015-12-01,17,136845440.0
2016-01-01,17,75083745.0
2016-02-01,17,169529287.0
2016-03-01,17,219760296.0
2016-04-01,17,93423268.0
2016-05-01,17,180578035.0
2016-06-01,17,210067850.0
2016-07-01,17,142662943.0
2016-08-01,17,231749289.0
2016-09-01,17,257225295.0
2016-10-01,17,264725230.0
2016-11-01,17,247429515.0
2016-12-01,17,275261972.0
2017-01-01,04,63362910.0
2017-02-01,04,91220204.0
2017-03-01,04,85710820.0
2017-04-01,04,78726828.0
2017-05-01,04,93870008.0
2017-06-01,04,68304940.0
2017-07-01,04,66217605.0
2017-08-01,04,96757767.0
2017-09-01,04,71408568.0
2017-10-01,04,94076666.0
2017-11-01,04,91951948.0
2017-12-01,04,88909186.0
2018-01-01,04,71438715.0
2018-02-01,04,79305967.0
2018-03-01,04,82470785.0
2018-04-01,04,99433194.0
2018-05-01,04,95071200.0
2018-06-01,04,54367379.0
2018-07-01,04,51626178.0
2018-08-01,04,100195264.62
2018-09-01,04,75976656.0
2018-10-01,04,94035106.0
2018-11-01,04,100206250.0
2018-12-01,04,110352550.0
2019-01-01,04,49755014.0
2019-02-01,04,76942204.0
2019-03-01,04,94319420.0
2019-04-01,04,120288002.0
2019-05-01,04,124655775.0
2019-06-01,04,82402932.0
2019-07-01,04,72725846.0
2019-08-01,04,93864207.0
2019-09-01,04,84963717.0
2019-10-01,04,110544397.0
2019-11-01,04,105871073.0
2019-12-01,04,127095239.0
2020-01-01,04,56021633.0
2020-02-01,04,79866149.0
2020-03-01,04,118088088.0
2020-04-01,04,124659145.0
2020-05-01,04,107538404.0
2020-06-01,04,148456308.0
2020-07-01,04,56745565.0
2020-08-01,04,82403921.0
2020-09-01,04,76784341.0
2020-10-01,04,74345906.0
2020-11-01,04,104377063.0
2020-12-01,04,127336820.0
2021-01-01,04,67352388.0
2021-02-01,04,90462108.0
2021-03-01,04,122245552.0
2021-04-01,04,127859909.0
2021-05-01,04,121082795.0
2021-06-01,04,134582045.0
2021-07-01,04,107582000.0
2021-08-01,04,128657734.0
2021-09-01,04,110501140.0
2021-10-01,04,117928550.0
2021-11-01,04,113762627.0
2021-12-01,04,152273120.0
2017-01-01,07,44255868.0
2017-02-01,07,54070112.0
2017-03-01,07,70997526.0
2017-04-01,07,54969336.0
2017-05-01,07,88795265.0
2017-06-01,07,127929068.0
2017-07-01,07,31849636.0
2017-08-01,07,59104097.0
2017-09-01,07,54820978.0
2017-10-01,07,67909854.0
2017-11-01,07,56644795.0
2017-12-01,07,109327184.0
2018-01-01,07,16054713.0
2018-02-01,07,16758490.0
2018-03-01,07,45616615.0
2018-04-01,07,92865010.0
2018-05-01,07,69427093.0
2018-06-01,07,40413796.0
2018-07-01,07,52697807.0
2018-08-01,07,65013737.35
2018-09-01,07,65614163.0
2018-10-01,07,40586796.0
2018-11-01,07,97517766.0
2018-12-01,07,135715592.0
2019-01-01,07,13196510.0
2019-02-01,07,13590471.0
2019-03-01,07,26134427.0
2019-04-01,07,25862293.0
2019-05-01,07,95695797.0
2019-06-01,07,71638166.0
2019-07-01,07,113175788.0
2019-08-01,07,57878617.0
2019-09-01,07,57508344.0
2019-10-01,07,56804837.0
2019-11-01,07,93046903.0
2019-12-01,07,145603279.0
2020-01-01,07,13198764.0
2020-02-01,07,15668948.0
2020-03-01,07,52469397.0
2020-04-01,07,112016321.0
2020-05-01,07,107766669.0
2020-06-01,07,157803691.0
2020-07-01,07,55725424.0
2020-08-01,07,33862882.0
2020-09-01,07,37331707.0
2020-10-01,07,42083899.0
2020-11-01,07,68824124.0
2020-12-01,07,149660337.0
2021-01-01,07,64543826.0
2021-02-01,07,22170313.0
2021-03-01,07,30898499.0
2021-04-01,07,85683588.0
2021-05-01,07,95760733.0
2021-06-01,07,67082526.0
2021-07-01,07,76602448.0
2021-08-01,07,105481158.0
2021-09-01,07,83601952.0
2021-10-01,07,82742187.0
2021-11-01,07,137935978.0
2021-12-01,07,124736557.0
2017-01-01,10,152323425.0
2017-02-01,10,237592908.0
2017-03-01,10,196010229.0
2017-04-01,10,230444989.0
2017-05-01,10,298499695.0
2017-06-01,10,236524900.0
2017-07-01,10,269710923.0
2017-08-01,10,227454179.0
2017-09-01,10,262389158.0
2017-10-01,10,324091912.0
2017-11-01,10,256151595.0
2017-12-01,10,236031878.0
2018-01-01,10,231785772.0
2018-02-01,10,294539626.0
2018-03-01,10,217392796.0
2018-04-01,10,301862111.0
2018-05-01,10,396411069.0
2018-06-01,10,288334080.0
2018-07-01,10,424868487.0
2018-08-01,10,342555208.31
2018-09-01,10,360799160.0
2018-10-01,10,374367803.0
2018-11-01,10,270140767.0
2018-12-01,10,291984258.0
2019-01-01,10,257857727.0
2019-02-01,10,279918396.0
2019-03-01,10,392375892.0
2019-04-01,10,293651888.0
2019-05-01,10,317333601.0
2019-06-01,10,232960076.0
2019-07-01,10,197859534.0
2019-08-01,10,185691581.0
2019-09-01,10,311234062.0
2019-10-01,10,305711279.0
2019-11-01,10,235940073.0
2019-12-01,10,226789323.0
2020-01-01,10,215391229.0
2020-02-01,10,336831001.0
2020-03-01,10,340022875.0
2020-04-01,10,305554117.0
2020-05-01,10,209538563.0
2020-06-01,10,234368704.0
2020-07-01,10,157423279.0
2020-08-01,10,205229058.0
2020-09-01,10,273890842.0
2020-10-01,10,238755167.0
2020-11-01,10,272654769.0
2020-12-01,10,232153562.0
2021-01-01,10,222265203.0
2021-02-01,10,275249182.0
2021-03-01,10,344097663.0
2021-04-01,10,274559186.0
2021-05-01,10,240955536.0
2021-06-01,10,428286642.0
2021-07-01,10,369194752.0
2021-08-01,10,432333185.0
2021-09-01,10,444578225.0
2021-10-01,10,477849718.0
2021-11-01,10,349872390.0
2021-12-01,10,214727719.0
2017-01-01,12,164968927.0
2017-02-01,12,146729466.0
2017-03-01,12,116155805.0
2017-04-01,12,150219370.0
2017-05-01,12,164435486.0
2017-06-01,12,90016705.0
2017-07-01,12,120070409.0
2017-08-01,12,124423657.0
2017-09-01,12,98335977.0
2017-10-01,12,112627500.0
2017-11-01,12,91719760.0
2017-12-01,12,123908903.0
2018-01-01,12,140557903.0
2018-02-01,12,82612592.0
2018-03-01,12,120597983.0
2018-04-01,12,140484353.0
2018-05-01,12,139962224.0
2018-06-01,12,115988497.0
2018-07-01,12,172566693.0
2018-08-01,12,137762332.14
2018-09-01,12,120709943.0
2018-10-01,12,128704631.0
2018-11-01,12,118455047.0
2018-12-01,12,97393404.0
2019-01-01,12,134249719.0
2019-02-01,12,116753318.0
2019-03-01,12,128215787.0
2019-04-01,12,136754223.0
2019-05-01,12,139925132.0
2019-06-01,12,100658071.0
2019-07-01,12,113724923.0
2019-08-01,12,113297847.0
2019-09-01,12,101946667.0
2019-10-01,12,132652675.0
2019-11-01,12,135540188.0
2019-12-01,12,135785258.0
2020-01-01,12,125361297.0
2020-02-01,12,110680931.0
2020-03-01,12,123319603.0
2020-04-01,12,134643773.0
2020-05-01,12,118424524.0
2020-06-01,12,129164362.0
2020-07-01,12,122760810.0
2020-08-01,12,120505113.0
2020-09-01,12,119682344.0
2020-10-01,12,93755557.0
2020-11-01,12,119413357.0
2020-12-01,12,102911412.0
2021-01-01,12,147301191.0
2021-02-01,12,150790583.0
2021-03-01,12,187377141.0
2021-04-01,12,253399064.0
2021-05-01,12,174389032.0
2021-06-01,12,208675143.0
2021-07-01,12,170101024.0
2021-08-01,12,162371203.0
2021-09-01,12,106958286.0
2021-10-01,12,63773355.0
2021-11-01,12,157625502.0
2021-12-01,12,136438060.0
2017-01-01,17,124363824.0
2017-02-01,17,167068230.0
2017-03-01,17,248336562.0
2017-04-01,17,226954256.0
2017-05-01,17,215484118.0
2017-06-01,17,231884481.0
2017-07-01,17,181794997.0
2017-08-01,17,146301855.0
2017-09-01,17,186742304.0
2017-10-01,17,241953522.0
2017-11-01,17,192995470.0
2017-12-01,17,197089068.0
2018-01-01,17,98865592.0
2018-02-01,17,118176535.0
2018-03-01,17,148536234.0
2018-04-01,17,169762874.0
2018-05-01,17,295114553.0
2018-06-01,17,178970714.0
2018-07-01,17,143231867.0
2018-08-01,17,179783429.18
2018-09-01,17,178106903.0
2018-10-01,17,237222353.0
2018-11-01,17,217383593.0
2018-12-01,17,160339284.0
2019-01-01,17,46525190.0
2019-02-01,17,147430862.0
2019-03-01,17,221268610.0
2019-04-01,17,161131413.0
2019-05-01,17,109175825.0
2019-06-01,17,125877659.0
2019-07-01,17,170872302.0
2019-08-01,17,178190847.0
2019-09-01,17,112185100.0
2019-10-01,17,139281265.0
2019-11-01,17,89249815.0
2019-12-01,17,178270829.0
2020-01-01,17,38450068.0
2020-02-01,17,253100821.0
2020-03-01,17,269451670.0
2020-04-01,17,275414806.0
2020-05-01,17,213939985.0
2020-06-01,17,334650276.0
2020-07-01,17,213996718.0
2020-08-01,17,162024481.0
2020-09-01,17,201244873.0
2020-10-01,17,152713490.0
2020-11-01,17,51731998.0
2020-12-01,17,109356547.0
2021-01-01,17,230759067.0
2021-02-01,17,306444113.0
2021-03-01,17,339071005.0
2021-04-01,17,327573181.0
2021-05-01,17,210545713.0
2021-06-01,17,254919898.0
2021-07-01,17,191036607.0
2021-08-01,17,206530621.0
2021-09-01,17,138181096.0
2021-10-01,17,222135455.0
2021-11-01,17,134612671.0
2021-12-01,17,189782875.0
2022-01-01,04,86826504.0
2022-02-01,04,136636357.0
2022-03-01,04,199833604.0
2022-04-01,04,174331585.0
2022-05-01,04,166313771.0
2022-06-01,04,185730922.0
2022-07-01,04,134834632.0
2022-08-01,04,242908259.0
2022-09-01,04,162021759.0
2022-10-01,04,160142502.0
2022-11-01,04,173576851.0
2022-12-01,04,166063105.0
2023-01-01,04,110054343.0
2023-02-01,04,133614861.0
2023-03-01,04,144031902.0
2023-04-01,04,131517410.0
2023-05-01,04,151500355.0
2023-06-01,04,126588557.0
2023-07-01,04,123191572.0
2023-08-01,04,135785340.0
2023-09-01,04,102458609.0
2023-10-01,04,97567270.0
2023-11-01,04,117008582.0
2023-12-01,04,101009224.0
2024-01-01,04,122894067.0
2024-02-01,04,87650562.0
2024-03-01,04,119753533.0
2024-04-01,04,109292526.0
2024-05-01,04,112655442.0
2024-06-01,04,129272638.0
2024-07-01,04,140581750.0
2024-08-01,04,157514671.0
2024-09-01,04,114019987.0
2024-10-01,04,121108243.0
2024-11-01,04,131671463.0
2024-12-01,04,133221225.0
2025-01-01,04,114438724.76
2025-02-01,04,133630112.4
2025-03-01,04,136016656.69
2025-04-01,04,148125356.39
2025-05-01,04,154493665.93
2025-06-01,04,112198190.51
2025-07-01,04,119020329.65
2025-08-01,04,139403155.87
2025-09-01,04,126827422.2
2025-10-01,04,128824413.83
2025-11-01,04,128788374.89
2025-12-01,04,187653601.13
2026-01-01,04,122908382.26
2026-02-01,04,144859732.52
2026-03-01,04,147898710.73
2026-04-01,04,170915122.0
2026-05-01,04,137830116.83
2022-01-01,07,26289788.0
2022-02-01,07,23651683.0
2022-03-01,07,56885444.0
2022-04-01,07,120500295.0
2022-05-01,07,76134523.0
2022-06-01,07,86853453.0
2022-07-01,07,93461689.0
2022-08-01,07,85893010.0
2022-09-01,07,52027446.0
2022-10-01,07,97333871.0
2022-11-01,07,94229226.0
2022-12-01,07,139063102.0
2023-01-01,07,33886771.0
2023-02-01,07,20182836.0
2023-03-01,07,79933188.0
2023-04-01,07,79076098.0
2023-05-01,07,87621538.0
2023-06-01,07,65115901.0
2023-07-01,07,121477497.0
2023-08-01,07,105137572.0
2023-09-01,07,101948088.0
2023-10-01,07,62330768.0
2023-11-01,07,119679818.0
2023-12-01,07,137506547.0
2024-01-01,07,29054038.0
2024-02-01,07,30449813.0
2024-03-01,07,90252984.0
2024-04-01,07,65963114.0
2024-05-01,07,106362067.0
2024-06-01,07,92109271.0
2024-07-01,07,111662072.0
2024-08-01,07,84070832.0
2024-09-01,07,83100915.0
2024-10-01,07,109945430.0
2024-11-01,07,145609401.0
2024-12-01,07,148109684.0
2025-01-01,07,40833615.07
2025-02-01,07,22517069.8
2025-03-01,07,76398078.94
2025-04-01,07,86337985.87
2025-05-01,07,99110872.23
2025-06-01,07,83471492.8
2025-07-01,07,108481791.42
2025-08-01,07,71675388.41
2025-09-01,07,72943350.17
2025-10-01,07,98284124.04
2025-11-01,07,87641412.04
2025-12-01,07,122308746.89
2026-01-01,07,60608002.98
2026-02-01,07,85200890.47
2026-03-01,07,66915162.82
2026-04-01,07,105718468.78
2026-05-01,07,89961375.48
2022-01-01,10,344978845.0
2022-02-01,10,380545737.0
2022-03-01,10,445427987.0
2022-04-01,10,404517718.0
2022-05-01,10,342029726.0
2022-06-01,10,288092740.0
2022-07-01,10,317994163.0
2022-08-01,10,467953754.0
2022-09-01,10,380594679.0
2022-10-01,10,362520478.0
2022-11-01,10,270882444.0
2022-12-01,10,449741859.0
2023-01-01,10,552284217.0
2023-02-01,10,449726565.0
2023-03-01,10,362150010.0
2023-04-01,10,313993228.0
2023-05-01,10,496403118.0
2023-06-01,10,412436234.0
2023-07-01,10,493522826.0
2023-08-01,10,568776402.0
2023-09-01,10,422641771.0
2023-10-01,10,522047851.0
2023-11-01,10,589004839.0
2023-12-01,10,769644924.0
2024-01-01,10,672567698.0
2024-02-01,10,701530238.0
2024-03-01,10,883715004.0
2024-04-01,10,643047279.0
2024-05-01,10,593543305.0
2024-06-01,10,533267479.0
2024-07-01,10,374764123.0
2024-08-01,10,445815809.0
2024-09-01,10,362749901.0
2024-10-01,10,510347167.0
2024-11-01,10,490627622.0
2024-12-01,10,604942511.0
2025-01-01,10,263984368.95
2025-02-01,10,350645017.32
2025-03-01,10,274756639.89
2025-04-01,10,300774117.12
2025-05-01,10,146623844.65
2025-06-01,10,334617309.49
2025-07-01,10,368692118.5
2025-08-01,10,311411482.98
2025-09-01,10,302664509.18
2025-10-01,10,460226975.32
2025-11-01,10,272317066.94
2025-12-01,10,361311724.16
2026-01-01,10,363048978.62
2026-02-01,10,376629892.45
2026-03-01,10,304380009.81
2026-04-01,10,327090316.6
2026-05-01,10,245806272.04
2022-01-01,12,202963000.0
2022-02-01,12,120704181.0
2022-03-01,12,224768451.0
2022-04-01,12,269825667.0
2022-05-01,12,223799802.0
2022-06-01,12,240514833.0
2022-07-01,12,163131529.0
2022-08-01,12,98553782.0
2022-09-01,12,184366568.0
2022-10-01,12,168589349.0
2022-11-01,12,120878510.0
2022-12-01,12,162894994.0
2023-01-01,12,184462629.0
2023-02-01,12,129072176.0
2023-03-01,12,252634066.0
2023-04-01,12,203937372.0
2023-05-01,12,254860728.0
2023-06-01,12,148478509.0
2023-07-01,12,149124763.0
2023-08-01,12,124347127.0
2023-09-01,12,154346555.0
2023-10-01,12,112466539.0
2023-11-01,12,92875030.0
2023-12-01,12,143784051.0
2024-01-01,12,195349945.0
2024-02-01,12,159931552.0
2024-03-01,12,188090907.0
2024-04-01,12,142910741.0
2024-05-01,12,168322116.0
2024-06-01,12,177575152.0
2024-07-01,12,181545726.0
2024-08-01,12,166235864.0
2024-09-01,12,170733226.0
2024-10-01,12,138855558.0
2024-11-01,12,132186285.0
2024-12-01,12,107558655.0
2025-01-01,12,169677343.54
2025-02-01,12,164871993.84
2025-03-01,12,87178855.99
2025-04-01,12,134577645.77
2025-05-01,12,112028066.32
2025-06-01,12,136053630.74
2025-07-01,12,145478456.6
2025-08-01,12,143406655.96
2025-09-01,12,127147423.76
2025-10-01,12,113220617.68
2025-11-01,12,104396638.81
2025-12-01,12,174264721.61
2026-01-01,12,237306190.05
2026-02-01,12,183423210.77
2026-03-01,12,115743562.52
2026-04-01,12,202456330.4
2026-05-01,12,144225788.31
2022-01-01,17,285909595.0
2022-02-01,17,403729194.0
2022-03-01,17,448186907.0
2022-04-01,17,279337982.0
2022-05-01,17,386096804.0
2022-06-01,17,233334666.0
2022-07-01,17,301277528.0
2022-08-01,17,251594320.0
2022-09-01,17,239012904.0
2022-10-01,17,161414127.0
2022-11-01,17,268187284.0
2022-12-01,17,188901552.0
2023-01-01,17,311056285.0
2023-02-01,17,240802335.0
2023-03-01,17,378117043.0
2023-04-01,17,238248100.0
2023-05-01,17,238206376.0
2023-06-01,17,266103084.0
2023-07-01,17,270688773.0
2023-08-01,17,275086305.0
2023-09-01,17,176754676.0
2023-10-01,17,258838065.0
2023-11-01,17,327719160.0
2023-12-01,17,379699893.0
2024-01-01,17,304917684.0
2024-02-01,17,295763071.0
2024-03-01,17,286195257.0
2024-04-01,17,425438720.0
2024-05-01,17,323115625.0
2024-06-01,17,207712040.0
2024-07-01,17,299499724.0
2024-08-01,17,214198300.0
2024-09-01,17,193870368.0
2024-10-01,17,300927622.0
2024-11-01,17,376786001.0
2024-12-01,17,322184613.0
2025-01-01,17,140244636.66
2025-02-01,17,209289226.78
2025-03-01,17,147922316.87
2025-04-01,17,338163052.52
2025-05-01,17,177267493.94
2025-06-01,17,242011619.09
2025-07-01,17,204539129.85
2025-08-01,17,190639163.55
2025-09-01,17,239634217.93
2025-10-01,17,175979766.65
2025-11-01,17,151961482.07
2025-12-01,17,147879084.94
2026-01-01,17,60305637.28
2026-02-01,17,268334308.43
2026-03-01,17,170812762.62
2026-04-01,17,284537113.5
2026-05-01,17,199862641.57
